url,title,ects_credits,responsible_department,course_leader,lecture_semester,teaching_language,duration,the_course_is_connected_to_the_following_study_programs,other_information,reduction_of_credits,student_evaluation,learning_outcomes,contents,teaching_and_learning_methods,examinations,offered_as_a_free_standing_course,admission_requirement_if_given_as_a_free_standing_course,recommended_previous_knowledge,examination_requirements,prerequisites,course_leaders
https://www.uia.no/english/studies/courses/2026/spring/ikt103.html,IKT103 Advanced Software Development (Spring 2026),5,Faculty of Engineering and Science,Christian Auby,Spring,Norwegian,½ year,"Computer Engineering, Bachelor's Programmme Artificial Intelligence, 5-year master programme",This course is taught in Norwegian and an English translation of the course description is not available.,This course’s contents overlap with the following courses. A reduction of credits will occur if one of these courses is taken in addition:,,,,,,,,,,,
https://www.uia.no/english/studies/courses/2026/spring/ikt104.html,IKT104 Microcontrollers (Spring 2026),5,Faculty of Engineering and Science,Christian Auby,Spring,Norwegian,½ year,"Computer Engineering, Bachelor's Programmme Electronics and Electrical Engineering, Bachelor's Programme",This course is taught in Norwegian and an English translation of the course description is not available.,This course’s contents overlap with the following courses. A reduction of credits will occur if one of these courses is taken in addition:,"The person responsible for the course decides, in cooperation with student representative, the form of student evaluation and whether the course is to have a midway or end of course evaluation in accordance with the quality system for education, chapter 4.1.",,,,,,,,,,
https://www.uia.no/english/studies/courses/2026/spring/ikt105.html,IKT105 Datamodellering og databaser (Spring 2026),7.5,Faculty of Engineering and Science,Halvard Øysæd,Spring,"This course is taught in Norwegian, and an English translation of the course description is not available.",½ year,"Computer Engineering, Bachelor's Programmme Artificial Intelligence, 5-year master programme",,This course’s contents overlap with the following courses. A reduction of credits will occur if one of these courses is taken in addition:,,,,,,,,,,,
https://www.uia.no/english/studies/courses/2026/spring/ikt112.html,IKT112 Concepts of Machine Learning (Spring 2026),5,Faculty of Engineering and Science,Rebekka Olsson Omslandseter,Spring,English,½ year,"Artificial Intelligence, 5-year master programme",,This course’s contents overlap with the following courses. A reduction of credits will occur if one of these courses is taken in addition:,"The person responsible for the course decides, in cooperation with student representative, the form of student evaluation and whether the course is to have a midway or end of course evaluation in accordance with the quality system for education, chapter 4.1.","Upon completion of this course, students will have: a basic understanding of the concepts of machine learning including supervised, unsupervised and reinforcement learning the ability to apply machine learning algorithms to data sets using a software package (e.g. WEKA) the ability to design experiments and to empirically evaluate and compare the performances of machine learning algorithms an appreciation of and familiarity with some current real-world applications of machine learning","Supervised learning: decision trees, artificial neural networks, Bayesian learning Unsupervised learning: K-means clustering, hierarchical clustering, principal components Introduction to reinforcement learning Real-world applications of machine learning (e.g. self-driving cars, medical imaging, natural language processing, etc.)","The course is organized with a combination of lectures, assignments, paper studies, labs, and report writing. The tasks are done individually or in small groups with group supervision.  The workload for the average student is approximately 135 hours.",3 hours written exam (50%). Portfolio assessment (50%). Information about the content of the portfolio will be given in Canvas at the start of the semester for each seminar. Graded assessment.,Yes. Subject to availability or capacity.,,,,,
https://www.uia.no/english/studies/courses/2026/spring/ikt115.html,IKT115 Introduction to Artificial Intelligence Technology (Spring 2026),2.5,Faculty of Engineering and Science,Rebekka Olsson Omslandseter,"Spring, Autumn",Norwegian,½ year,,,This course’s contents overlap with the following courses. A reduction of credits will occur if one of these courses is taken in addition:,"A digital evaluation will be organised in accordance with the quality system for education, chapter 4.1.","Upon completing the course, the student will: Have a fundamental understanding of artificial intelligence (AI), including its historical development, key concepts and terminology, main paradigms such as machine learning, deep learning, and generative AI, and an overview of practical applications. Be able to identify and describe relevant AI applications within their own field and communicate this in a clear and understandable manner. Be able to reflect on the opportunities and challenges of using AI and assess them in light of ethical considerations, societal impact, and the UN's sustainable development goals. Have developed a simple AI application using user-friendly tools, without the need for programming skills.","Artificial Intelligence (AI) is becoming increasingly prevalent in society, with rapid development across various fields. It is therefore important for students in different disciplines to gain insight into how the technology works and the opportunities and challenges it presents. This course provides a basic yet technically oriented introduction to artificial intelligence. Students will learn about what AI is, how the field has evolved, and the technologies underlying various types of AI systems. There is a particular emphasis on machine learning, deep learning, and generative AI, as well as how these technologies function and are applied in practice, including effective use of prompt engineering. Through a reflection assignment, students will assess how AI can be applied within their own field and critically reflect on the technology's possibilities and consequences. Through a project task, which does not require programming skills, students gain practical experience in developing a simple AI application using user-friendly tools. The course also includes guest lecturers who provide insight into specific and real-world applications of AI across different fields.","The course is taught with physical lectures at Campus Kristiansand. The lectures are streamed for students who cannot attend on campus. The course includes assignments that can be completed individually or in groups, depending on the student's preference. The expected workload is 67.5 hours.",Portfolio assessment. Graded pass/fail. More information about the portfolio will be given in Canvas. There will not be arranged a postponed exam for the portfolio.,No. Available as a continuing education course (IKT902),,,,,
https://www.uia.no/english/studies/courses/2026/spring/ikt122.html,IKT122 Success – AI Tools and Mindset for Goal Achievement (Spring 2026),2.5,Faculty of Engineering and Science,Andreas Prinz,Spring,English,½ year,Free-standing Courses,The course is offered to students i the FORTHEM university alliance.,,"The person responsible for the course decides, in cooperation with the student representative, the form of student evaluation and whether the course is to have a midway or end of course evaluation in accordance with the quality system for education, chapter 4.1.","After completion of the course, the student will: Understand prerequisites and techniques to achieve success Use positive habits to improve his/her success Understand motivation, reflection, and goals Be able to work goal-oriented towards success Be able to use and adapt AI tools to achieve own goals","The course is based on theoretical knowledge in brain science, but the main part is about learning good habits that lead to success. It may help to know the theory, but this is not the main part. Having passed the course, the student should be more successful than before. The course has the following parts: 1) Mindset, 2) Be prepared, 3) Goals, 4) Planning, 5) Persistence. In these topics, the following sub-topics will be covered: attitude, keeping in shape, SMART criteria, win-win, requirements, expectations, motivation, agility, handling mistakes, making good decisions, perspective, mental models, habits and habit change, time management, WOOP, AI tools, AI adaptations, positive psychology.","Video-Lectures, Meditations, Group discussions, Exercises, Homework, Supervision, Formative assessment.",Portfolio examination. Passed/not passed. The portfolio includes quizzes and reports answering exam exercises.,Yes,Higher Education Entrance Qualification,,,,
https://www.uia.no/english/studies/courses/2026/spring/ikt204.html,IKT204 Data communication (Spring 2026),7.5,Faculty of Engineering and Science,Sigurd Eskeland,Spring,Norwegian,½ year,"Computer Engineering, Bachelor's Programmme Electronics and Electrical Engineering, Bachelor's Programme Artificial Intelligence, 5-year master programme",,This course’s contents overlap with the following courses. A reduction of credits will occur if one of these courses is taken in addition:,"The person responsible for the course decides, in cooperation with student representative, the form of student evaluation and whether the course is to have a midway or end of course evaluation in accordance with the quality system for education, chapter 4.1.","Knowledge: - Have knowledge of the basic principles of data communication systems. - Know the network structures, network components and the most important protocols in an IP based data network Skills: - Understand the principles of how network components and protocols work together to enable data transport and online services. General competence: - Have the necessary foundation to work with problems and challenges in this field.","Basic principles, concepts, and standards with emphasis on modern Internet technology. Wired and wireless link layer, network structures, network components and access principles (Ethernet and 802.11). The network layer, IPv4 and IPv6, network structure, routing principles and software defined networks. Transport layer, UDP, TCP, reliable data transfer, flow control and saturation control. Advanced IP-based network architectures. Application layer protocols such as HTTP, SMTP and DNS as well as basic socket programming. Operational security, basic cryptography, and SSL programming.","Lectures, theory exercises and lab exercises. An engineer, teaching assistant and/or course teacher will be present. Training is provided in the use of course-related software and hardware. Expected workload for the average student is 27 hours per course credits.","Individual school examination, 3 hours. Graded assessment.",Yes. Subject to availability or capacity.,"Higher Education Entrance Qualification including mathematics R1 and R2 and physics Fysikk 1, or a pass in the preliminary course examination for engineers (which is also offered at University of Agder).","Basic networking and security understanding such as IKT100-G Network, security, and privacy.",Compulsory exercises must be approved in order to take the exam. Information about the compulsory assignments is given in Canvas at the start of the semester.,,
https://www.uia.no/english/studies/courses/2026/spring/ikt205.html,IKT205 Application development (Spring 2026),5,Faculty of Engineering and Science,Christian Auby,Spring,"This course is taught in Norwegian, and an English translation of the course description is not available.",½ year,"Computer Engineering, Bachelor's Programmme",,This course’s contents overlap with the following courses. A reduction of credits will occur if one of these courses is taken in addition:,,,,,,,,,,,
https://www.uia.no/english/studies/courses/2026/spring/ikt206.html,IKT206 DevOps (Spring 2026),5,Faculty of Engineering and Science,Christian Auby,Spring,Norwegian,½ year,"Computer Engineering, Bachelor's Programmme",This course is taught in Norwegian and an English translation of the course description is not available.,,,,,,,,,,,,
https://www.uia.no/english/studies/courses/2026/spring/ikt215.html,IKT215 Pattern Recognition (Spring 2026),10,Faculty of Engineering and Science,Manuel Sathyajith Mathew,Spring,The primary language for this course is English.,½ year,"Artificial Intelligence, 5-year master programme",,,"The person responsible for the course decides, in cooperation with student representative, the form of student evaluation and whether the course is to have a midway or end of course evaluation in accordance with the quality system for education, chapter 4.1.","After completing the course, the student should have practical skills in statistical pattern recognition have practical skills in syntactic pattern recognition be able to solve practical problems using pattern recognition-based tools be able to develop pattern recognition algorithms from publicly available machine learning datasets be able to do basic data analysis and preprocessing of machine learning data","This course will introduce students to the principles of pattern recognition. The course includes a review of the principles of probability and Bayes decision theory, and criteria for classification. We will then consider the theory of maximum likelihood and Bayesian learning for parametric pattern recognition. The course also focuses on non-parametric methods such as classification using nearest neighbour rules and discriminant functions.","The course is organized with a combination of lectures, assignments, paper studies, labs, and report writing. The tasks are done individually or in small groups with group supervision. The work load for the average student is approximately 270 hours.",Graded portfolio assessment. Information about the content of the portfolio will be given in Canvas at the start of the semester for each seminar.,"Yes, if there are places available.","Higher Education Entrance Qualification including mathematics R1 and R2 and physics Fysikk 1, or a pass in the preliminary course examination for engineers (which is also offered at University of Agder).","A general knowledge of statistics is required, equivalent to MA-223 Statistics.",,,
https://www.uia.no/english/studies/courses/2026/spring/ikt302.html,"IKT302 Bachelor's Thesis, data (Spring 2026)",30,Faculty of Engineering and Science,Arne Wiklund,Spring,Workshops are given in Norwegian. The project report can be written in Norwegian or English.,½ year,"Computer Engineering, Bachelor's Programmme",,This course’s contents overlap with the following courses. A reduction of credits will occur if one of these courses is taken in addition:,"The course leader, in consultation with the student representative, determines the evaluation form and whether the courses should have mid-term or final evaluations, according to the quality system chapter 4.1. Information about the evaluation form for the course is published in Canvas.","Upon completing the course, the student: Has insight and expertise in one of the specialization areas within the field of computer engineering. Is able to find and use relevant literature and methods, and deal critically with various sources of information. Is able to carry out an independent research or development project under supervision according to the client's requirements. Is able to present the research question with background and objectives clearly and understandably. Is able to analyze and discuss findings in light of the research question. Is able to document a good theoretical overview, specialization in their engineering field, and knowledge of relevant research and development, methods, and working practices. Is able to place the project in a holistic system perspective and consider aspects such as lifecycle, environmental, health, societal, and economic perspectives in the project. Is able to contribute to innovation, entrepreneurship, and the development and realization of sustainable and socially beneficial products, systems, and/or solutions. Is able to communicate an engineering project orally and in writing with the necessary technical and linguistic precision. Understands the dynamics of team work and is able to contribute constructively to such work.","The project is chosen within the study's specialization areas and should be based on real issues from society and industry or research and development work. The engineering work should be placed in a holistic system perspective and evaluated in relation to aspects such as lifecycle, environmental, health, societal, and economic perspectives in the project. Through the project, the student should gain experience with the practical-industrial application of theoretical knowledge and an insight into the needs and working methods of the industry. The project should help develop the students' ability to use scientific working methods. The work should include a survey of the knowledge frontier in the area, and this should be explained in the project report. The students' own work should be linked to the results of the survey. The course should also provide practical experience in project work and develop independence and collaboration skills.","Independent work in groups (3-4 students) on a project assignment, with facilitated supervision. Each project includes 5 hours of mandatory supervision. Students and supervisors share responsibility for following up on this. Lectures are given on relevant social science topics such as sustainability, environment, ethics, and economy. The workload for an average student is estimated to be approximately 800 hours.",Project report carried out in a group with an oral presentation of the report and possibly a product. Graded individual assessment. The assignment must be submitted within the stipulated time. It is not possible to submit an improved version of previous assignments for a new or postponed exam.,No,,,Documentation of participation in at least 5 mandatory supervision meetings. Approved research question. Submission deadlines are given at the start of the semester.,The student must have passed at least 130 ECTS credits in their study plan by the start of the semester in which the bachelor project is carried out. The topic and research question for the thesis must be approved by the course leader for the bachelor thesis.,
https://www.uia.no/english/studies/courses/2026/spring/ikt433.html,IKT433 Distributed and Big Data Systems (Spring 2026),7.5,Faculty of Engineering and Science,,,English,,"Artificial Intelligence and The Internet of Things, Master's Programme Artificial Intelligence, 5-year master programme Master's Programme in Industrial Economics and Technology Management",,This course’s contents overlap with the following courses. A reduction of credits will occur if one of these courses is taken in addition:,"The person responsible for the course decides, in cooperation with student representative, the form of student evaluation and whether the course is to have a midway or end of course evaluation in accordance with the quality system for education, chapter 4.1.","On successful completion of the course, the student should: - know the main classes of distributed computing approaches, with in-depth knowledge in selected techniques from each class - have knowledge of cloud computing, benefits, challenges, deployment and communication - have acquired competence in big data analysis, decomposition, computing and multilevel search - be able to cast traditional problems in a distributed computing perspective - be able to analyze, implement and evaluate distributed computing solutions - be able to apply distributed computing in new domains - understand how big data infrastructures rely on distributed computing principles - have acquired competence in extracting and presenting knowledge from the distributed computing research literature","The course covers the following distributed computing topics: Design goals: transparency, openness, scalability. Communication: remote procedure call, remote object invocation, message-oriented communication. Processes: threads, clients, servers, code migration, software agents. Naming: naming objects, locating Mobile Objects, Synchronization. Consistency & replication. Fault tolerance. Security. Component Architectures. Distributed object-based systems. Distributed coordination based systems. Big data: Data partitioning, Multilevel Techniques.","Lectures, compulsory exercises, and self-study. The work load for the average student is approximately 200 hours.","Written examination, 4 hours. Graded assessment.",Yes. Subject to availability or capacity.,Admission requirements for the course are the same as for the master’s programme in ICT.,,Students must pass the compulsory assignments in order to take the examination. Information about compulsory assignments will be given in Canvas at the start of the course.,,Turgay Celik Noureddine Bouhmala
https://www.uia.no/english/studies/courses/2026/spring/ikt443.html,IKT443 WiFi and Internet of Things (Spring 2026),7.5,Faculty of Engineering and Science,Frank Yong Li,Spring,English,½ year,"Artificial Intelligence and The Internet of Things, Master's Programme Artificial Intelligence, 5-year master programme",,This course’s contents overlap with the following courses. A reduction of credits will occur if one of these courses is taken in addition:,"The person responsible for the course decides, in cooperation with student representative, the form of student evaluation and whether the course is to have a midway or end of course evaluation in accordance with the quality system for education, chapter 4.1.","Upon successful completion of the course, the students should - have comprehensive understanding of Internet of Things (IoT) technologies and in-depth knowledge of wireless networks - have solid understanding of medium access mechanisms and routing principles in WiFi networks and multi-hop wireless networks - have obtained both theoretical knowledge of and practical experience in various kinds of WiFi and IoT networks","The main goal of this course is to provide the students with knowledge of the fundamental principles as well as the state-of-the-art technologies within the topics of WiFi networks and various kinds of IoT networks. The course covers the following topics: - IoT and wireless networks overview from Body Area Networks (BAN)s, Personal Area Networks (PANs), to Regional Area Networks (RANs) - Wireless Local Area Networks (WLANs) and WiFi principles and evolution - Medium access in WLANs and WiFi performance evaluation - Routing protocols in IoT and multi-hop wireless network networks - IoT and Low Power Wide Area Networks (LPWANs) - Short-Range IoT Networks: Wireless Sensor Networks (WSNs) and Wireless Mesh Networks (WMNs) - Long-Range IoT Networks: NB-IoT, LoRaWAN, and Sigfox","Lectures, compulsory exercises and assignments, discrete-event simulations and self-study. The workload for the average student is approximately 200 hours.",Graded assessment including two parts. An individual 4-hour written examination which counts 75% of the final grade and a technical report based on computer simulations which counts 25% of the final grade. Information about the report will be given in Canvas.,Yes. Subject to availability or capacity.,Admission requirements for the course are the same as for the master’s programme in AI and IoT.,,Compulsory assignments must be approved in order to take the examination. Information about compulsory assignments will be given in Canvas at the start of the course.,,
https://www.uia.no/english/studies/courses/2026/spring/ikt449.html,IKT449 Selected Security Topics (Spring 2026),7.5,Faculty of Engineering and Science,Nadia Saad Noori,Spring,Norwegian or English (there may be some English content),½ year,"Cybersecurity Engineering, Master’s Programme Artificial Intelligence and The Internet of Things, Master's Programme",,,"The person responsible for the course decides, in cooperation with student representative, the form of student evaluation and whether the course is to have a midway or end of course evaluation in accordance with the quality system for education, chapter 4.1.","After completing the course, the students should be able to: have a good overview on selected security topics. able to understand new and complex security topics able to investigate and develop problem solving skills related to information security (InfoSec)","The main topics in this course may vary to cover classic or emerging themes in the world of cybersecurity. The course contents (i.e. topics and schedule) will be published on Canvas. The course consists of a series of guest lectures and Capture The Flag (CTF) labs. The course consists of lectures covering selected topics from industry, public administration and universities / research institutes. The CTF labs cover different categories of CTF (e.g. network forensics, reverse engineering, binary exploitation, etc.)","Lecture and lab exercises. The exercises take place in a computer lab. Departmental engineer, student assistant and/or subject teachers are present. Training is provided in the use of subject-related software. Students set up and operate their own or third-party projects with the relevant tools. The total expected workload for the average student is approximately 210 hours.",Portfolio. Graded assessment. Information about the content of the portfolio will be given in Canvas at the start of the semester.,Yes. Subject to availability or capacity.,"Admission requirements for the course are the same as for the master’s programme in Cyber Security, or the master’s programme in ICT.",,Compulsory assignments and presentations must be approved. Information about compulsory assignments will be given in Canvas at the start of the course.,,
https://www.uia.no/english/studies/courses/2026/spring/ikt452.html,IKT452 Computer Vision (Spring 2026),7.5,Faculty of Engineering and Science,Turgay Celik,Spring,English,½ year,"Artificial Intelligence and The Internet of Things, Master's Programme Artificial Intelligence, 5-year master programme",,,"The person responsible for the course decides, in cooperation with student representative, the form of student evaluation and whether the course is to have a midway or end of course evaluation in accordance with the quality system for education, chapter 4.1.","After completion of this course, students will be able to: Recognize and explain both the theoretical and practical aspects of computing with images to relate computer vision to human vision; Describe the foundation of image formation, measurement, and analysis; Discuss the geometric relationships between 2D and 3D computer vision; Select and implement appropriate image matching and alignment methods; Explain object and scene recognition and categorization from images; Identify and use the state-of-the-art deep neural networks for computer vision tasks; Develop the practical skills necessary to design and implement computer vision applications.","How can computers represent the visual world of humans? As a subfield of Artificial Intelligence, Computer Vision aims to answer this fundamental question at different fronts by deriving and harnessing meaningful information from visual data such as digital images. One may think of Computer Vision as an enabling instrument for AI to observe and interpret the visual world of humans. This course provides a comprehensive introduction to computer vision, including fundamentals of image formation, camera imaging geometry, feature detection and matching, stereo, motion estimation and tracking, image classification, scene understanding, and deep neural networks. Students will learn some advanced computer vision concepts and gain hands-on experience to solve real-life vision problems.","The course is organized with a combination of lectures, assignments and projects. The workload for the average student is approximately 200 hours.",Homework Assignments (60%) Class Project (40%).,"Yes, if there are places available",Admission requirements for the course are the same as for the master’s programme in ICT.,IKT213 - Machine Vision,,,
https://www.uia.no/english/studies/courses/2026/spring/ikt453.html,IKT453 Intelligent Data Management (Spring 2026),7.5,Faculty of Engineering and Science,Vladimir Iosifovich Zadorozny,Spring,English.,½ year,"Artificial Intelligence and The Internet of Things, Master's Programme Artificial Intelligence, 5-year master programme",,,"The person responsible for the course decides, in cooperation with student representative, the form of student evaluation and whether the course is to have a midway or end of course evaluation in accordance with the quality system for education, chapter 4.1.","Upon completion of the course students will be able to select, apply, as well as to develop data engineering tools appropriate for intelligent data processing, data analysis, and data-driven decision making. Upon completion of the course students will be able to Understand major principles of intelligent data management technologies Understand major tradeoffs in design and development of a comprehensive data processing pipeline for data-driven decision making Design and develop advanced data warehousing solutions for data-driven decision making Design and develop intelligent data streaming systems Understand major tradeoffs in intelligent data processing under large-scale data-intensive scenarios","This is an advanced course on intelligent data management. This course will provide relevant background and skills on the modern data management and data engineering methods that support large-scale data-driven decision making. In particular, we will explore intelligent data warehousing, data streaming, and information fusion technologies for scalable data interpretation and information sensemaking. We will elaborate on an infrastructure that facilitates efficient information consolidation and consider how concepts of information linkage and information fusion accelerate novel research directions in intelligent data management. Information fusion deals with reconstructing objects from multiple, possibly incomplete and inconsistent observations. The task of scalable information fusion is critical for interdisciplinary research where a comprehensive picture of the subject requires large amounts of data from disparate data sources. Overall, this course will provide a proper balance of the conceptual knowledge and practical skills in the cutting-edge intelligent data management technologies and explore their applicability limits.","Lectures, labs, group assignments, supervised written assignments and self-study. The workload for the average student is approximately 200 hours.",Graded assignments. Class project presentations. Graded marks.,"Yes, if there are places available",Admission requirements for the course are the same as for the master’s programme in ICT.,,,,
https://www.uia.no/english/studies/courses/2026/spring/ikt458.html,IKT458 5G and IoT: Advanced (Spring 2026),7.5,Faculty of Engineering and Science,Frank Yong Li,Spring,English.,½ year,"Artificial Intelligence and The Internet of Things, Master's Programme Artificial Intelligence, 5-year master programme Master's Programme in Industrial Economics and Technology Management",,,"The person responsible for the course decides, in cooperation with student representative, the form of student evaluation and whether the course is to have a midway or end of course evaluation in accordance with the quality system for education, chapter 4.1.","Upon successful completion of this course, the student should have comprehensive knowledge on 5th generation (5G) and beyond mobile networks and Internet of things (IoT) networks and master the state-of-the-art technologies in a related area towards 6th generation (6G). be able to identify a research topic and develop solutions to solve the identified problem. be able to analyze and implement the designed solution through theoretical frameworks or hands-on experiments through simulations or real-life implementations.","The course is organized as a semester project. The topic will be selected from the ongoing or planned research activities within the Department of ICT, or in cooperation with industry, within the areas of beyond 5G (B5G) and massive IoT. The topic can be selected from but not restricted to the following list: B5G or 6G mobile and wireless networks. software-defined networks (SDN), network function virtualization (NFV), multi-access edge computing (MEC), and network slicing. massive machine-type communications (mMTC) and massive IoT. machine learning in B5G/6G mobile and wireless networks.","No ordinary lectures will be given but teaching activities will be carried out through guided reading, regular tutoring, and group supervision. Students are expected to perform self-study of recommended papers, scenario or problem identification, solution design and analysis, as well as validation via simulations or implementation. The project can be done individually or in small groups of two students. The workload for the average student is approximately 200 hours.","A technical report based on the obtained results needs to be submitted. Graded portfolio assessment, individually or in a group, based on the submitted report. Groups are given joint grades. Information about the content of the portfolio will be given in Canvas by the start of the semester.","Yes, if there are places available",Admission requirements for the course are the same as for the master’s programme in ICT.,,,,
https://www.uia.no/english/studies/courses/2026/spring/ikt459.html,"IKT459 Embedded Sensors, Signal Processing and Machine Learning for Autonomous Systems (Spring 2026)",7.5,Faculty of Engineering and Science,Linga Reddy Cenkeramaddi,Spring,English.,½ year,"Artificial Intelligence and The Internet of Things, Master's Programme Artificial Intelligence, 5-year master programme",,,"The person responsible for the course decides, in cooperation with student representative, the form of student evaluation and whether the course is to have a midway or end of course evaluation in accordance with the quality system for education, chapter 4.1.","On successful completion of the course, the students should be able to: Understand the specifications of the sensors. Capture raw data from sensors. Apply sensor fusion techniques. Apply various time-frequency analysis techniques on raw sensor’s data. Apply machine learning techniques on the sensor’s data. Design and implement end-to-end systems using sensors.","The main goal of this course is to teach students the fundamental concepts of various sensors used in the autonomous systems, sensor fusion techniques, ROS, time-frequency analysis techniques on the sensors data and machine learning techniques using edge computing devices. Introduction to ultrasound sensors, vision-based sensors such as RGB cameras, RGBD cameras, night vision cameras, IR cameras …etc. Introduction to thermal imaging Introduction to LiDAR imaging Introduction to mmWave Radars Range, velocity and estimation of angle of arrival of targets using mmWave Radars Introduction to sensor fusion and ROS Time-frequency analysis techniques such as STFT, SWT, and EWT Introduction to Machine learning techniques using edge devices such as FPGAs, Raspberry pi and Nvidia …etc.","The course is organized in combination of lectures, assignments, paper studies, labs, report writing and self-study. The tasks are done individually or in small groups with group supervision. The workload for the average student is approximately 200 hours.","Graded portfolio assessment, individually or in groups. Groups are given joint grades. Information about the content of the portfolio will be given in Canvas at the start of the semester.","Yes, if there are places available",Admission requirements for the course are the same as for the master’s programme in ICT.,"Basic knowledge in sensors and signal processing, electronic circuit design and programming.",,,
https://www.uia.no/english/studies/courses/2026/spring/ikt460.html,IKT460 Reinforcement Learning (Spring 2026),7.5,Faculty of Engineering and Science,Aditya Gupta,Spring,English,½ year,"Artificial Intelligence and The Internet of Things, Master's Programme Artificial Intelligence, 5-year master programme",,,"The person responsible for the course decides, in cooperation with the student representative, the form of student evaluation and whether the course is to have a midway or end of course evaluation in accordance with the quality system for education, chapter 4.1.","On successful completion of this course, the student should: Understand the key features of reinforcement learning Be able to distinguish reinforcement learning from other AI and non-interactive machine learning Be able to determine if reinforcement learning is suitable for a given application problem and be able to define it formally using concepts like state space, action space, dynamics, and reward models. In addition, the student should be able to identify and justify which class of algorithms is best suited to tackle the problem. Implement common reinforcement learning algorithms in a high-level programming language Understand concepts and metrics in RL such as regret, sample complexity, computational complexity, empirical performance, convergence, etc. Be familiar with the exploration-exploitation trade-off. Be able to distinguish and grasp concepts such as model-based and model-free RL, Policy-based, and Value-based RL. Be able to use RL algorithms on practical problems.","This course will teach the foundations of applied reinforcement learning and deep reinforcement learning. They will, at course completion, be able to build and train stateof-the-art reinforcement learning algorithms, understand the importance of hyperparameter tuning, and understand when to apply different algorithms. The students will also learn the theoretical foundation of reinforcement learning and concepts used to improve the performance of reinforcement learning algorithms, including deep neural networks. The course adapts to the state-of-the-art literature and covers theoretical and practical topics of reinforcement learning research. These topics include: Fundamentals of reinforcement learning, including Markov decision processes, model/model-free RL, and function approximation. Multi-armed bandits, policy iteration, dynamic programming. Reinforcement learning architectures, including TD-learning, direct policy search, and deep reinforcement learning. Working end-to-end pipelines, including performance evaluation, policy loss, value loss, and entropy.","Combination of lectures, assignments, paper studies, lab, report writing, and self-study. The tasks are done individually or in small groups of 2 students with group supervision. The workload for the average student is approximately 200 hours.","Graded portfolio assessment, individually or in groups. Groups are given joint grades. Information about the portfolio content will be given in Canvas by the start of the semester.","Yes, if there are places available.",Admission requirements for the course are the same as for the master’s programme in ICT.,,,,
https://www.uia.no/english/studies/courses/2026/spring/ikt462.html,IKT462 Digital Health: Fundamentals (Spring 2026),7.5,Faculty of Engineering and Science,Martin Wulf Gerdes,Spring,English,½ year,"Artificial Intelligence and The Internet of Things, Master's Programme Artificial Intelligence, 5-year master programme",,,"The person responsible for the course decides, in cooperation with student representative, the form of student evaluation and whether the course is to have a midway or end of course evaluation in accordance with the quality system for education, chapter 4.1.","After the course, the student will have a general understanding of the health system, its organization, and major political and societal stakeholders have in-depth knowledge of the public Health Information System, including its organizational structure and responsibilities, reference architecture, and central systems and components have in-depth knowledge of key laws and regulations, strategies and challenges in the use of ICT for electronic information exchange, storage and processing, particularly for research and decision support purposes in the health and care sector have a broad theoretical knowledge and practical insights of eHealth technologies from the fields of devices and electronic platforms, communication technologies, decision support and data security have knowledge of central applications and services of the public health information system have an in-depth understanding of reference systems and information architectures and key protocols for integration and interoperability within the health information system","The goal of this course is to teach the digital health fundamentals to students with a background in Computer Science and Information and Communication Technologies (ICT) to play an active role in the design, development and implementation of new digital solutions for the healthcare sector. The student will learn about the health system structure, organization, stakeholders, responsibilities and processes, as far as relevant for the understanding of the use of ICT in digital health solutions. The public Health Information System (HIS), its reference architecture, central components, services and applications. Underlying laws and regulations for the use of ICT in the healthcare sector. Digital health technologies and standards, security, interoperability, data monitoring, storage, communication, processing and provisioning.","Lectures (compulsory teaching: 8 lectures á 4 lecture-hours; physical on-site, alternatively digitally on-line) Deepening self-studies with books and scientific paper publications, combined with 8 weekly exercises to write short reports/essays related to lecture and self-study topics Expected total extent of workload corresponding to 7.5 ECTS is 200 hours","1. Six (6) weekly assignments (individual graded report on topic related to lecture subjects), weight 70% of course grade. 2. Final common group assignment (graded group presentation/report), weight 30% of course grade.","Yes, if there are places available",Admission requirements for the course are the same as for the master’s programme in ICT.,,min. 75% participation in compulsory lectures min. 75% submission of weekly self-study assignment,,
https://www.uia.no/english/studies/courses/2026/spring/ikt464.html,IKT464 Advanced ICT Project (Spring 2026),7.5,Faculty of Engineering and Science,Ole-Christoffer Granmo,"Spring, Autumn",English,½ year,"Artificial Intelligence and The Internet of Things, Master's Programme Artificial Intelligence, 5-year master programme",,,"The person responsible for the course decides, in cooperation with the student representative, the form of student evaluation and whether the course is to have a midway or end of course evaluation in accordance with the quality system for education, chapter 4.1.","On successful completion of this course, the student should be able to design, analyse, and implement advanced systems, or solve an advanced problem. have comprehensive knowledge of and the ability to independently work out solutions within the sub-area the student chooses to specialize in. be able to identify relevant literature and apply theoretical models to the problems at hand.","The course is based upon ongoing research in the department or relevant needs of the industry and deepens expertise within a focused application- or research area. Individually or in small groups, students specialize in topics that are approved by members of the academic staff. The topics should be relevant for the specialization profile the students have chosen. The students may be required to present scientific papers. In addition to the pre-approved course topics, it is possible to propose a certain topic that a student can work on from research groups at UiA or from the industry. The course responsible person must approve the topic based on two requirements: 1. The topic should be within the ICT domain and the technical depth of the topic is at the Master level. 2. There is a permanent employee who is the supervisor of the topic.","Combination of lectures, assignments, paper studies, lab, report writing, and self-study. The tasks are done individually or in small groups of 2 students with group supervision. The workload for the average student is approximately 200 hours.","Graded portfolio assessment, individually or in groups. Groups are given joint grades. Information about the content of the portfolio will be given in Canvas by the start of the semester. There will not be arranged a postponed exam for the portfolio.",,Admission requirements for the course are the same as for the master’s programme in ICT.,,,,
https://www.uia.no/english/studies/courses/2026/spring/ikt468.html,IKT468 Applied Algorithms (Spring 2026),7.5,Faculty of Engineering and Science,Noureddine Bouhmala,Spring,English.,½ year,"Artificial Intelligence and The Internet of Things, Master's Programme Artificial Intelligence, 5-year master programme",,This course’s contents overlap with the following courses. A reduction of credits will occur if one of these courses is taken in addition:,"The person responsible for the course decides, in cooperation with student representative, the form of student evaluation and whether the course is to have a midway or end of course evaluation in accordance with the quality system for education, chapter 4.1.","After completing the course, the student should: Be familiar with standard sorting algorithms and their computational complexities. Be able to recognize, apply, and implement standard algorithmic design techniques, including greedy algorithms, divide-and-conquer algorithms, dynamic programming, and backtracking. Understand and be able to apply the fundamental principles of algorithm analysis. Be familiar with classical algorithms for string searching, string comparison, and text compression. Know basic graph algorithms for search and traversal, shortest paths, minimum spanning trees, and topological sorting. Within the topic of Computability and Complexity, understand the fundamental principles and practical implications of NP-completeness theory, have encountered NP-completeness proofs for specific problems, understand the concepts of computability and undecidability, and be familiar with common examples of unsolvable problems.","Sorting and searching, greedy algorithms, divide-and-conquer algorithms, dynamic programming, and backtracking, graph algorithms",Lectures and exercises. Expected workload for the average student is approximately 200 hours.,Portfolio with project assignments counts 60 % of the final grade. 3 hours written examination counts 40 % of the final grade. Information about the content of the portfolio will be given in Canvas at the start of the course. Graded assessment. There will not be arranged a postponed exam for the portfolio.,Yes. Subject to availability or capacity.,Same as for the master's programme in AI and IoT,,,,
https://www.uia.no/english/studies/courses/2026/spring/ikt469.html,IKT469 Deep Neural Networks (Spring 2026),7.5,Faculty of Engineering and Science,Morten Goodwin,Spring,English,½ year,"Artificial Intelligence and The Internet of Things, Master's Programme Artificial Intelligence, 5-year master programme",,This course’s contents overlap with the following courses. A reduction of credits will occur if one of these courses is taken in addition:,"The person responsible for the course decides, in cooperation with student representative, the form of student evaluation and whether the course is to have a midway or end of course evaluation in accordance with the quality system for education, chapter 4.1.","On successful completion of the course, the student should: Understand advanced concepts in deep learning, including why deep models generalize and how modern architectures are designed. Have knowledge of transformer models, multimodal representation learning, generative models, explainability methods, and advanced optimization strategies. Understand state-of-the-art architectures such as sequence models beyond attention and graph neural networks. Know how embedding works and how augmented systems combine neural networks with external knowledge sources. Design, implement, and evaluate advanced neural architectures across different data types and modalities. Build multimodal and retrieval-augmented systems using embeddings and external knowledge. Apply explainability methods to analyze and interpret deep learning models. Diagnose model performance and select suitable architectures for various tasks. Critically assess deep learning systems regarding performance, transparency, and computational trade-offs.","The course covers theoretical and practical aspects of neural networks: Advanced deep learning foundations and architectures: modern theory of deep networks, transformer models, contemporary neural architectures, and next-generation sequence and graph-based models. Representation learning and multimodality: embedding-based methods, multimodal alignment, and self-/semi-supervised learning. Generative and explainable AI: latent-variable and generative models, and practical explainability methods for neural networks. Knowledge-enhanced and optimized systems: retrieval-augmented generation, external knowledge integration, and advanced optimization and training strategies.","Combination of lectures, assignments, paper studies, lab, and report writing. The tasks are done individually or in small groups with group supervision. The work load for the average student is approximately 200 hours.",Graded portfolio assessment. Information about the content of the portfolio will be given in Canvas by the start of the semester. Graded assessment. There will be a postponed exam in portfolio assessment.,"Yes, subject to availability.",Admission requirements for the course are the same as for the master’s programme in ICT.,,,,
https://www.uia.no/english/studies/courses/2026/spring/ikt519.html,IKT519 Blockchain and distributed ledger technology (Spring 2026),7.5,Faculty of Engineering and Science,Vladimir Oleshchuk,,Norwegian or English,,"Cybersecurity Engineering, Master’s Programme Cyber Security, Master’s Programme Artificial Intelligence and The Internet of Things, Master's Programme Master's Programme in Industrial Economics and Technology Management",,,"The person responsible for the course decides, in cooperation with student representative, the form of student evaluation and whether the course is to have a midway or end of course evaluation in accordance with the quality system for education, chapter 4.1.","After completing the course, the student must have advanced knowledge of the technical operation and foundations of blockchain and cryptocurrency technologies. be able to practically apply blockchain technology in selected areas","The subject provides an overview of blockchains and distributed ledger technologies. The main topics in the course are: Introduction to blockchains Cryptography used in blockchains and cryptocurrencies: hash functions, hash pointers, Merkle trees and digital signatures. Cryptocurrency concepts: GoofyCoin, ScroogeCoin Distributed consensus: Bitcoin consensus protocol, ""double spending"" attack Bitcoin script: Escrow transactions, green addresses, micro payments, smart contracts, soft forks and hard forks Cryptocurrency storage: hot and cold storages, brain wallet, split key techniques Bitcoin mining: hash puzzles, forking attacks. Bitcoin anonymity: de-anonymization techniques, mixing, ZeroCoin Fully anonymized cryptocurrency: ZeroCash Other methods: alternate mining puzzles: memory hard puzzles: scrypt, Proof-of-useful work, non-outsourceable puzzles, virtual mining Altcoins: bootstrapping altcoins, Litecoin, Primecoin, Permacoin, merge mining, interaction among block chains of different altcoins, cross-chain swaps",The subject is given in the form of seminars that include lectures and compulsory work. The total expected scope of work is estimated at approx. 200 hours.,3 hours individual written exam. Graded grade.,Yes. Subject to availability or capacity.,"The admission requirements for the course are the same as for the master's program in cyber security or the master's program in ICT. It is recommended that students also have prior knowledge corresponding to IKT447-G Trust, threats, risks and vulnerabilities.","IKT447-G Trust, threats, risks and vulnerabilities",Approved compulsory assignments. More detailed information is provided in Canvas at the start of the semester.,,
https://www.uia.no/english/studies/courses/2026/spring/ikt520.html,IKT520 Security in IoT and Machine-Type Communication (Spring 2026),7.5,Faculty of Engineering and Science,Harsha Sandaruwan Gardiyawasam Pussewalage,,Norwegian,,"Cybersecurity Engineering, Master’s Programme Cyber Security, Master’s Programme Artificial Intelligence and The Internet of Things, Master's Programme",,,"The person responsible for the course decides, in cooperation with student representative, the form of student evaluation and whether the course is to have a midway or end of course evaluation in accordance with the quality system for education, chapter 4.1.","On successful completion of the course, the students should: know about selected Internet-of-Things (IoT) architectures have a solid theoretical understanding of IoT related security and privacy issues and be able to apply this knowledge in simple systems have an overall understanding on the social perspectives of IoT security have a deep theoretical and practical knowledge of data-centric IoT Protocols - MQTT, MQTT-SN, CoAP and AMQP have a basic understanding of Link layer IoT protocols - ZigBee, Wi-Fi, Bluetooth Low Energy (BLE) have an understanding on conceptual difference between the security perspectives of data-centric IoT protocols and link layer IoT Protocols have a thorough understanding on security measures supported by the link layer IoT protocols -ZigBee, BLE and Wi-Fi have a solid understating on security perspectives of data-centric IoT protocols be able to design and implement a simple and secure IoT system using the MQTT protocol have knowledge of Machine-Type Communication (MTC) concepts (IMT 2020 and Beyond) have a basic understanding of security perspectives associated with MTC","The main topics in the course are: IoT concepts and architectures Critical ICT infrastructures aspects Security and privacy aspects for IoT Data-centric IoT protocols - MQTT, MQTT-SN, CoAP and AMQP Link-layer IoT protocols - ZigBee, Wi-Fi, BLE Security aspects of ZigBee, Wi-Fi, BLE Introducing TLS, DTLS security protocols and how they can be utilized efficiently to provide security for data-centric IoT protocols - MQTT, MQTT-SN, CoAP and AMQP Design, configuration and implementation of simple MQTT-based IoT systems using OpenSSL, Mosquitto server and Paho programming libraries Machine-Type Communication (MTC), based on 3GPP specifications Massive MTC Critical MTC (also known as ultra-reliable low-latency communication (urllc)) Overview of MTC security","The course includes lectures, exercises and compulsory group work including programming tasks. The total expected workload for an average student is approximately 210 hours.","Written examination, 3 hours. Graded assessment.",Yes. Subject to availability or capacity.,"Admission requirements for the course are the same as for the master’s programme in Cyber Security, or the master’s programme in ICT.","IKT447-G Trust, Threats, Risk and Vulnerability, or the equivalent. In addition, it is advantageous to have knowledge in Python programming and Linux.",Approved compulsory hand-ins and presentations. Information about compulsory assignments will be given in Canvas at the start of the semester.,,
https://www.uia.no/english/studies/courses/2026/spring/ikt523.html,"IKT523 Master's Thesis, Cyber Security (Spring 2026)",30,Faculty of Engineering and Science,Nadia Saad Noori,"Spring, Autumn",Norwegian and English,½ year,"Cybersecurity Engineering, Master’s Programme Cyber Security, Master’s Programme",,This course’s contents overlap with the following courses. A reduction of credits will occur if one of these courses is taken in addition:,,"The learning outcomes are related to the respective specialization. After completing the course, the student should be able to: apply knowledge to new areas within ICT/Information Systems security analyze and assess cybersecurity issues from both a research perspective and an operational perspective (industry/public sector) applying existing theories and methods, and to solve new tasks (both theoretical and practical problems) independently and autonomously apply research and development methods critically evaluate different sources of information and structure the information in a coherent context carry out independent research and development projects (with supervision), in accordance with recognized academic and ethical standards communicate complex professional issues using appropriate terminology within the respective fields of cybersecurity effectively communicate subject theory and applications, both orally and in writing, to peers and other audiences (decision-makers, users, etc.) contribute with innovation and new ideas in cybersecurity sector",,,Project report and adjusting oral exam. The oral exam can effect the final grade by one character grade higher or lawer. Grades character.,,,,,"To qualify for the master's thesis, students must have completed at least 75 ECTS credits in the master's program. The thesis topic must be pre-approved by UiA.",
https://www.uia.no/english/studies/courses/2026/spring/ikt590.html,IKT590 Master's Thesis (Spring 2026),30,Faculty of Engineering and Science,Turgay Celik,Spring,English,½ year,"Artificial Intelligence and The Internet of Things, Master's Programme Artificial Intelligence, 5-year master programme",,This course’s contents overlap with the following courses. A reduction of credits will occur if one of these courses is taken in addition:,"The person responsible for the course decides, in cooperation with student representative, the form of student evaluation and whether the course is to have a midway or end of course evaluation in accordance with the quality system for education, chapter 4.1.","On successful completion of the master thesis, the students should: - be able to apply their knowledge in new areas within ICT - be able to analyze ICT problems, both from a research and an industrial's perspective - have obtained skills required to analyze existing theories and methods, and to independently solve both applied and theoretical problems - be able to apply relevant research and development methods in an independent manner - be able to critically analyze various information sources, and apply these for structuring and formulating arguments - be able to conduct an independent research and development project under supervision, according to governing academic and ethical research standards - be able to convey comprehensive independent work by mastering relevant expression forms used within ICT research and development - be able to disseminate applied and theoretical problems and solutions, orally and in writing, both to peers and to the public - be able to contribute with innovation and new ideas both in academic and industrial ICT projects","The master's thesis is a self-contained work with a topic within information and communication technology. The work is expected to include elements of research and innovative methods. Basic assignments within planning, programming or development should be avoided. The thesis project includes a master's thesis describing the state-of-the-art, research problem, approach, results, evaluations, and outlook, as well as an oral presentation of the thesis. A press release that presents the thesis work and the main results is also required. Prototypes and/or other products that are developed for the thesis may be included as part of the hand-ins.","Independent work. A supervisor will be available for regular consultations. The students choose whether they want to do the master thesis project individually or in groups of maximum two students. The duration of the Master's Thesis is normally one semester, which gives an estimated workload of 800 learning hours for the student. The master's thesis is normally carried out in the Spring semester. The faculty may approve that some students carry out their master's thesis in the Autumn semester. This is given that the student meets all the prerequisites, and that there are available supervisors.","Project report and oral presentation. The oral presentation can modify the grade upwards or downwards, accounting for 100% of the final grade. The grade will be on a scale. The students choose whether they want to write the master's thesis individually or in groups of maximum two students. The thesis must be carried out within the stipulated time. Students who are taking a new or postponed exam, cannot submit an improved version of the master's thesis",,,,For every student/group there will be 10 compulsory guidance meetings. The press-release of the thesis must be submitted and approved.,"In order to start working on the master’s thesis, the students must have passed examinations with no less than 75 ECTS credits in the Master programme at the beginning of the semester when the master’s thesis is to be written. The topic of the master’s thesis has to be approved by the University of Agder.",
